temperature_C,unit_id,time_h,relaxation_percent,left_time_h,increment_percent,included_in_fit
65.0,1,108.0,2.12,0.0,2.12,True
65.0,1,241.0,2.7,108.0,0.5800000000000001,True
65.0,1,534.0,3.52,241.0,0.8199999999999998,True
65.0,1,839.0,4.25,534.0,0.73,True
65.0,1,1074.0,5.55,839.0,1.2999999999999998,True
65.0,1,1350.0,6.12,1074.0,0.5700000000000003,True
65.0,1,1637.0,6.75,1350.0,0.6299999999999999,True
65.0,1,1890.0,7.22,1637.0,0.46999999999999975,True
65.0,1,2178.0,7.68,1890.0,0.45999999999999996,True
65.0,1,2513.0,8.46,2178.0,0.7800000000000011,True
65.0,1,2810.0,9.46,2513.0,1.0,True
65.0,2,108.0,2.29,0.0,2.29,True
65.0,2,241.0,3.24,108.0,0.9500000000000002,True
65.0,2,534.0,4.16,241.0,0.9199999999999999,True
65.0,2,839.0,4.86,534.0,0.7000000000000002,True
65.0,2,1074.0,5.74,839.0,0.8799999999999999,True
65.0,2,1350.0,6.85,1074.0,1.1099999999999994,True
65.0,2,1637.0,7.12,1350.0,0.27000000000000046,True
65.0,2,1890.0,7.4,1637.0,0.28000000000000025,True
65.0,2,2178.0,8.14,1890.0,0.7400000000000002,True
65.0,2,2513.0,9.25,2178.0,1.1099999999999994,True
65.0,2,2810.0,10.55,2513.0,1.3000000000000007,True
65.0,3,108.0,2.4,0.0,2.4,True
65.0,3,241.0,3.61,108.0,1.21,True
65.0,3,534.0,4.35,241.0,0.7399999999999998,True
65.0,3,839.0,5.09,534.0,0.7400000000000002,True
65.0,3,1074.0,5.5,839.0,0.41000000000000014,True
65.0,3,1350.0,7.03,1074.0,1.5300000000000002,True
65.0,3,1637.0,8.24,1350.0,1.21,True
65.0,3,1890.0,8.81,1637.0,0.5700000000000003,True
65.0,3,2178.0,9.629,1890.0,0.8189999999999991,True
65.0,3,2513.0,10.27,2178.0,0.641,True
65.0,3,2810.0,11.11,2513.0,0.8399999999999999,True
65.0,4,108.0,2.31,0.0,2.31,True
65.0,4,241.0,3.48,108.0,1.17,True
65.0,4,534.0,5.51,241.0,2.03,True
65.0,4,839.0,6.2,534.0,0.6900000000000004,True
65.0,4,1074.0,7.31,839.0,1.1099999999999994,True
65.0,4,1350.0,7.96,1074.0,0.6500000000000004,True
65.0,4,1637.0,8.57,1350.0,0.6100000000000003,True
65.0,4,1890.0,9.07,1637.0,0.5,True
65.0,4,2178.0,10.46,1890.0,1.3900000000000006,True
65.0,4,2513.0,11.48,2178.0,1.0199999999999996,True
65.0,4,2810.0,12.3,2513.0,0.8200000000000003,True
65.0,5,108.0,3.14,0.0,3.14,True
65.0,5,241.0,4.33,108.0,1.19,True
65.0,5,534.0,5.92,241.0,1.5899999999999999,True
65.0,5,839.0,7.22,534.0,1.2999999999999998,True
65.0,5,1074.0,8.14,839.0,0.9200000000000008,True
65.0,5,1350.0,9.07,1074.0,0.9299999999999997,True
65.0,5,1637.0,9.44,1350.0,0.3699999999999992,True
65.0,5,1890.0,10.09,1637.0,0.6500000000000004,True
65.0,5,2178.0,11.2,1890.0,1.1099999999999994,True
65.0,5,2513.0,12.77,2178.0,1.5700000000000003,True
65.0,5,2810.0,13.51,2513.0,0.7400000000000002,True
65.0,6,108.0,3.59,0.0,3.59,True
65.0,6,241.0,5.55,108.0,1.96,True
65.0,6,534.0,5.92,241.0,0.3700000000000001,True
65.0,6,839.0,7.68,534.0,1.7599999999999998,True
65.0,6,1074.0,8.61,839.0,0.9299999999999997,True
65.0,6,1350.0,10.37,1074.0,1.7599999999999998,True
65.0,6,1637.0,11.11,1350.0,0.7400000000000002,True
65.0,6,1890.0,12.22,1637.0,1.1100000000000012,True
65.0,6,2178.0,13.51,1890.0,1.2899999999999991,True
65.0,6,2513.0,14.16,2178.0,0.6500000000000004,True
65.0,6,2810.0,15.0,2513.0,0.8399999999999999,True
85.0,1,46.0,2.77,0.0,2.77,True
85.0,1,108.0,4.62,46.0,1.85,True
85.0,1,212.0,5.83,108.0,1.21,True
85.0,1,408.0,6.66,212.0,0.8300000000000001,True
85.0,1,632.0,8.05,408.0,1.3900000000000006,True
85.0,1,764.0,10.61,632.0,2.5599999999999987,True
85.0,1,1011.0,11.2,764.0,0.5899999999999999,True
85.0,1,1333.0,11.98,1011.0,0.7800000000000011,True
85.0,1,1517.0,13.33,1333.0,1.3499999999999996,True
85.0,1,2586.0,15.64,1517.0,2.3100000000000005,True
85.0,2,46.0,3.88,0.0,3.88,True
85.0,2,108.0,4.37,46.0,0.4900000000000002,True
85.0,2,212.0,6.29,108.0,1.92,True
85.0,2,408.0,7.77,212.0,1.4799999999999995,True
85.0,2,632.0,9.16,408.0,1.3900000000000006,True
85.0,2,764.0,9.9,632.0,0.7400000000000002,True
85.0,2,1011.0,10.37,764.0,0.46999999999999886,True
85.0,2,1333.0,12.77,1011.0,2.4000000000000004,True
85.0,2,1517.0,14.72,1333.0,1.950000000000001,True
85.0,2,2586.0,16.8,1517.0,2.08,True
85.0,3,46.0,3.18,0.0,3.18,True
85.0,3,108.0,4.53,46.0,1.35,True
85.0,3,212.0,6.94,108.0,2.41,True
85.0,3,408.0,8.14,212.0,1.2000000000000002,True
85.0,3,632.0,8.79,408.0,0.6499999999999986,True
85.0,3,764.0,10.09,632.0,1.3000000000000007,True
85.0,3,1011.0,11.11,764.0,1.0199999999999996,True
85.0,3,1333.0,14.72,1011.0,3.610000000000001,True
85.0,3,1517.0,16.47,1333.0,1.7499999999999982,True
85.0,3,2586.0,18.66,1517.0,2.1900000000000013,True
85.0,4,46.0,3.61,0.0,3.61,True
85.0,4,108.0,4.37,46.0,0.7600000000000002,True
85.0,4,212.0,6.29,108.0,1.92,True
85.0,4,408.0,7.87,212.0,1.58,True
85.0,4,632.0,9.35,408.0,1.4799999999999995,True
85.0,4,764.0,11.48,632.0,2.130000000000001,True
85.0,4,1011.0,12.4,764.0,0.9199999999999999,True
85.0,4,1333.0,13.7,1011.0,1.299999999999999,True
85.0,4,1517.0,15.37,1333.0,1.67,True
85.0,4,2586.0,18.51,1517.0,3.1400000000000023,True
85.0,5,46.0,3.42,0.0,3.42,True
85.0,5,108.0,4.25,46.0,0.8300000000000001,True
85.0,5,212.0,7.31,108.0,3.0599999999999996,True
85.0,5,408.0,8.61,212.0,1.2999999999999998,True
85.0,5,632.0,10.18,408.0,1.5700000000000003,True
85.0,5,764.0,12.03,632.0,1.8499999999999996,True
85.0,5,1011.0,13.7,764.0,1.67,True
85.0,5,1333.0,15.27,1011.0,1.5700000000000003,True
85.0,5,1517.0,17.22,1333.0,1.9499999999999993,True
85.0,5,2586.0,19.25,1517.0,2.030000000000001,True
85.0,6,46.0,5.27,0.0,5.27,True
85.0,6,108.0,5.92,46.0,0.6500000000000004,True
85.0,6,212.0,8.05,108.0,2.130000000000001,True
85.0,6,408.0,9.81,212.0,1.7599999999999998,True
85.0,6,632.0,12.4,408.0,2.59,True
85.0,6,764.0,13.24,632.0,0.8399999999999999,True
85.0,6,1011.0,15.83,764.0,2.59,True
85.0,6,1333.0,17.59,1011.0,1.7599999999999998,True
85.0,6,1517.0,20.09,1333.0,2.5,True
85.0,6,2586.0,23.51,1517.0,3.4200000000000017,True
100.0,1,46.0,3.88,0.0,3.88,True
100.0,1,108.0,5.09,46.0,1.21,True
100.0,1,212.0,7.22,108.0,2.13,True
100.0,1,344.0,8.79,212.0,1.5699999999999994,True
100.0,1,446.0,10.37,344.0,1.58,True
100.0,1,626.0,12.68,446.0,2.3100000000000005,True
100.0,1,729.0,14.81,626.0,2.130000000000001,True
100.0,1,972.0,16.38,729.0,1.5699999999999985,True
100.0,1,1005.0,17.77,972.0,1.3900000000000006,True
100.0,1,1218.0,19.53,1005.0,1.7600000000000016,True
100.0,2,46.0,4.07,0.0,4.07,True
100.0,2,108.0,6.2,46.0,2.13,True
100.0,2,212.0,7.5,108.0,1.2999999999999998,True
100.0,2,344.0,9.16,212.0,1.6600000000000001,True
100.0,2,446.0,11.2,344.0,2.039999999999999,True
100.0,2,626.0,13.14,446.0,1.9400000000000013,True
100.0,2,729.0,15.09,626.0,1.9499999999999993,True
100.0,2,972.0,17.22,729.0,2.129999999999999,True
100.0,2,1005.0,18.88,972.0,1.6600000000000001,True
100.0,2,1218.0,20.64,1005.0,1.7600000000000016,True
100.0,3,46.0,4.35,0.0,4.35,True
100.0,3,108.0,6.66,46.0,2.3100000000000005,True
100.0,3,212.0,8.79,108.0,2.129999999999999,True
100.0,3,344.0,10.64,212.0,1.8500000000000014,True
100.0,3,446.0,12.4,344.0,1.7599999999999998,True
100.0,3,626.0,14.72,446.0,2.3200000000000003,True
100.0,3,729.0,16.57,626.0,1.8499999999999996,True
100.0,3,972.0,18.79,729.0,2.219999999999999,True
100.0,3,1005.0,20.92,972.0,2.1300000000000026,True
100.0,3,1218.0,22.4,1005.0,1.4799999999999969,True
100.0,4,46.0,4.62,0.0,4.62,True
100.0,4,108.0,7.03,46.0,2.41,True
100.0,4,212.0,9.35,108.0,2.3199999999999994,True
100.0,4,344.0,11.11,212.0,1.7599999999999998,True
100.0,4,446.0,12.87,344.0,1.7599999999999998,True
100.0,4,626.0,15.18,446.0,2.3100000000000005,True
100.0,4,729.0,17.22,626.0,2.039999999999999,True
100.0,4,972.0,19.53,729.0,2.3100000000000023,True
100.0,4,1005.0,21.57,972.0,2.039999999999999,True
100.0,4,1218.0,23.14,1005.0,1.5700000000000003,True
100.0,5,46.0,5.09,0.0,5.09,True
100.0,5,108.0,7.31,46.0,2.2199999999999998,True
100.0,5,212.0,9.81,108.0,2.500000000000001,True
100.0,5,344.0,11.98,212.0,2.17,True
100.0,5,446.0,14.07,344.0,2.09,True
100.0,5,626.0,16.2,446.0,2.129999999999999,True
100.0,5,729.0,18.7,626.0,2.5,True
100.0,5,972.0,20.92,729.0,2.2200000000000024,True
100.0,5,1005.0,22.77,972.0,1.8499999999999979,True
100.0,5,1218.0,24.62,1005.0,1.8500000000000014,True
100.0,6,46.0,5.55,0.0,5.55,True
100.0,6,108.0,8.05,46.0,2.500000000000001,True
100.0,6,212.0,10.55,108.0,2.5,True
100.0,6,344.0,12.96,212.0,2.41,True
100.0,6,446.0,15.0,344.0,2.039999999999999,True
100.0,6,626.0,17.77,446.0,2.7699999999999996,True
100.0,6,729.0,20.09,626.0,2.3200000000000003,True
100.0,6,972.0,22.96,729.0,2.870000000000001,True
100.0,6,1005.0,24.72,972.0,1.759999999999998,True
100.0,6,1218.0,27.22,1005.0,2.5,True
