method,scenario_index,Scenario,Category,diagnostic,detections,valid,attempted,invalid_statistic_fraction,detection_probability,wilson_lo,wilson_hi,power_lower_if_fail_not_detected,power_upper_if_fail_detected
Proposed RRE-optimality,0,True IG model,True model,acceleration_LOF,1,300,300,0.0,0.0033333333333333335,0.0005886577218511581,0.018636693694531237,0.0033333333333333335,0.0033333333333333335
Proposed RRE-optimality,0,True IG model,True model,q_heterogeneity,8,300,300,0.0,0.02666666666666667,0.01357306980864708,0.05172894295058982,0.02666666666666667,0.02666666666666667
Proposed RRE-optimality,0,True IG model,True model,high_T_dispersion,8,300,300,0.0,0.02666666666666667,0.01357306980864708,0.05172894295058982,0.02666666666666667,0.02666666666666667
Proposed RRE-optimality,0,True IG model,True model,any,15,300,300,0.0,0.05,0.03053164062934728,0.08084703347274415,0.05,0.05
Proposed RRE-optimality,1,Fitted Ea - 10%,Activation energy,acceleration_LOF,2,300,300,0.0,0.006666666666666667,0.0018301483579117855,0.023977583250306973,0.006666666666666667,0.006666666666666667
Proposed RRE-optimality,1,Fitted Ea - 10%,Activation energy,q_heterogeneity,3,300,300,0.0,0.01,0.003406618437715286,0.02898349336233983,0.01,0.01
Proposed RRE-optimality,1,Fitted Ea - 10%,Activation energy,high_T_dispersion,4,300,300,0.0,0.013333333333333334,0.005196961739358857,0.03377553025253262,0.013333333333333334,0.013333333333333334
Proposed RRE-optimality,1,Fitted Ea - 10%,Activation energy,any,9,300,300,0.0,0.03,0.01586185380943231,0.05602253914164096,0.03,0.03
Proposed RRE-optimality,2,Fitted Ea + 10%,Activation energy,acceleration_LOF,4,300,300,0.0,0.013333333333333334,0.005196961739358857,0.03377553025253262,0.013333333333333334,0.013333333333333334
Proposed RRE-optimality,2,Fitted Ea + 10%,Activation energy,q_heterogeneity,6,300,300,0.0,0.02,0.009197631557703617,0.042939620817860576,0.02,0.02
Proposed RRE-optimality,2,Fitted Ea + 10%,Activation energy,high_T_dispersion,19,300,300,0.0,0.06333333333333334,0.040916882383915276,0.09679131248552161,0.06333333333333334,0.06333333333333334
Proposed RRE-optimality,2,Fitted Ea + 10%,Activation energy,any,26,300,300,0.0,0.08666666666666667,0.05982889751804311,0.12395595869424827,0.08666666666666667,0.08666666666666667
Proposed RRE-optimality,3,High-T slope flattening,Mechanism change,acceleration_LOF,79,300,300,0.0,0.2633333333333333,0.21671150294236005,0.3159395034372583,0.2633333333333333,0.2633333333333333
Proposed RRE-optimality,3,High-T slope flattening,Mechanism change,q_heterogeneity,5,300,300,0.0,0.016666666666666666,0.00713947735063333,0.0384153948330945,0.016666666666666666,0.016666666666666666
Proposed RRE-optimality,3,High-T slope flattening,Mechanism change,high_T_dispersion,38,300,300,0.0,0.12666666666666668,0.09369224846506602,0.16908117004926165,0.12666666666666668,0.12666666666666668
Proposed RRE-optimality,3,High-T slope flattening,Mechanism change,any,99,300,300,0.0,0.33,0.2792344636154957,0.3850641466008499,0.33,0.33
Proposed RRE-optimality,4,High-T slope steepening,Mechanism change,acceleration_LOF,28,300,300,0.0,0.09333333333333334,0.06536421957889091,0.1315853970170732,0.09333333333333334,0.09333333333333334
Proposed RRE-optimality,4,High-T slope steepening,Mechanism change,q_heterogeneity,13,300,300,0.0,0.043333333333333335,0.025496448084407246,0.07271746563401146,0.043333333333333335,0.043333333333333335
Proposed RRE-optimality,4,High-T slope steepening,Mechanism change,high_T_dispersion,83,300,300,0.0,0.27666666666666667,0.22911058318108624,0.32986994396587765,0.27666666666666667,0.27666666666666667
Proposed RRE-optimality,4,High-T slope steepening,Mechanism change,any,109,300,300,0.0,0.36333333333333334,0.3109540370105783,0.4191683751241309,0.36333333333333334,0.36333333333333334
Proposed RRE-optimality,5,Stress-dependent q (-20%),Time scale,acceleration_LOF,19,300,300,0.0,0.06333333333333334,0.040916882383915276,0.09679131248552161,0.06333333333333334,0.06333333333333334
Proposed RRE-optimality,5,Stress-dependent q (-20%),Time scale,q_heterogeneity,25,300,300,0.0,0.08333333333333333,0.057080874056394275,0.12012160196406074,0.08333333333333333,0.08333333333333333
Proposed RRE-optimality,5,Stress-dependent q (-20%),Time scale,high_T_dispersion,223,300,300,0.0,0.7433333333333333,0.6910470912298479,0.7894666627742062,0.7433333333333333,0.7433333333333333
Proposed RRE-optimality,5,Stress-dependent q (-20%),Time scale,any,225,300,300,0.0,0.75,0.6980484035459826,0.7956301108417443,0.75,0.75
Proposed RRE-optimality,6,Stress-dependent q (+20%),Time scale,acceleration_LOF,2,300,300,0.0,0.006666666666666667,0.0018301483579117855,0.023977583250306973,0.006666666666666667,0.006666666666666667
Proposed RRE-optimality,6,Stress-dependent q (+20%),Time scale,q_heterogeneity,109,300,300,0.0,0.36333333333333334,0.3109540370105783,0.4191683751241309,0.36333333333333334,0.36333333333333334
Proposed RRE-optimality,6,Stress-dependent q (+20%),Time scale,high_T_dispersion,133,300,300,0.0,0.44333333333333336,0.38818691756565193,0.4999126191731299,0.44333333333333336,0.44333333333333336
Proposed RRE-optimality,6,Stress-dependent q (+20%),Time scale,any,194,300,300,0.0,0.6466666666666666,0.5910330291100347,0.698591699330765,0.6466666666666666,0.6466666666666666
Proposed RRE-optimality,7,Concave acceleration,Acceleration curvature,acceleration_LOF,11,300,300,0.0,0.03666666666666667,0.02059530516285303,0.06445384817189295,0.03666666666666667,0.03666666666666667
Proposed RRE-optimality,7,Concave acceleration,Acceleration curvature,q_heterogeneity,4,300,300,0.0,0.013333333333333334,0.005196961739358857,0.03377553025253262,0.013333333333333334,0.013333333333333334
Proposed RRE-optimality,7,Concave acceleration,Acceleration curvature,high_T_dispersion,2,300,300,0.0,0.006666666666666667,0.0018301483579117855,0.023977583250306973,0.006666666666666667,0.006666666666666667
Proposed RRE-optimality,7,Concave acceleration,Acceleration curvature,any,15,300,300,0.0,0.05,0.03053164062934728,0.08084703347274415,0.05,0.05
Proposed RRE-optimality,8,Convex acceleration,Acceleration curvature,acceleration_LOF,21,300,300,0.0,0.07,0.046236944827176336,0.10463601042593323,0.07,0.07
Proposed RRE-optimality,8,Convex acceleration,Acceleration curvature,q_heterogeneity,17,300,300,0.0,0.056666666666666664,0.03567747646328951,0.08886595802247463,0.056666666666666664,0.056666666666666664
Proposed RRE-optimality,8,Convex acceleration,Acceleration curvature,high_T_dispersion,52,300,300,0.0,0.17333333333333334,0.13470060049746765,0.22022614070256905,0.17333333333333334,0.17333333333333334
Proposed RRE-optimality,8,Convex acceleration,Acceleration curvature,any,78,300,300,0.0,0.26,0.21362060325993487,0.3124480229278472,0.26,0.26
V-optimality,0,True IG model,True model,acceleration_LOF,4,300,300,0.0,0.013333333333333334,0.005196961739358857,0.03377553025253262,0.013333333333333334,0.013333333333333334
V-optimality,0,True IG model,True model,q_heterogeneity,12,300,300,0.0,0.04,0.023027321487942308,0.06860421203864003,0.04,0.04
V-optimality,0,True IG model,True model,high_T_dispersion,7,300,300,0.0,0.023333333333333334,0.011347660299125234,0.04737197226827532,0.023333333333333334,0.023333333333333334
V-optimality,0,True IG model,True model,any,21,300,300,0.0,0.07,0.046236944827176336,0.10463601042593323,0.07,0.07
V-optimality,1,Fitted Ea - 10%,Activation energy,acceleration_LOF,7,300,300,0.0,0.023333333333333334,0.011347660299125234,0.04737197226827532,0.023333333333333334,0.023333333333333334
V-optimality,1,Fitted Ea - 10%,Activation energy,q_heterogeneity,8,300,300,0.0,0.02666666666666667,0.01357306980864708,0.05172894295058982,0.02666666666666667,0.02666666666666667
V-optimality,1,Fitted Ea - 10%,Activation energy,high_T_dispersion,3,300,300,0.0,0.01,0.003406618437715286,0.02898349336233983,0.01,0.01
V-optimality,1,Fitted Ea - 10%,Activation energy,any,18,300,300,0.0,0.06,0.038286369524692054,0.09283944515290843,0.06,0.06
V-optimality,2,Fitted Ea + 10%,Activation energy,acceleration_LOF,5,300,300,0.0,0.016666666666666666,0.00713947735063333,0.0384153948330945,0.016666666666666666,0.016666666666666666
V-optimality,2,Fitted Ea + 10%,Activation energy,q_heterogeneity,15,300,300,0.0,0.05,0.03053164062934728,0.08084703347274415,0.05,0.05
V-optimality,2,Fitted Ea + 10%,Activation energy,high_T_dispersion,12,300,300,0.0,0.04,0.023027321487942308,0.06860421203864003,0.04,0.04
V-optimality,2,Fitted Ea + 10%,Activation energy,any,30,300,300,0.0,0.1,0.07094791459501532,0.1391664623846215,0.1,0.1
V-optimality,3,High-T slope flattening,Mechanism change,acceleration_LOF,22,300,300,0.0,0.07333333333333333,0.04892399383922859,0.10853134160571733,0.07333333333333333,0.07333333333333333
V-optimality,3,High-T slope flattening,Mechanism change,q_heterogeneity,9,300,300,0.0,0.03,0.01586185380943231,0.05602253914164096,0.03,0.03
V-optimality,3,High-T slope flattening,Mechanism change,high_T_dispersion,136,300,300,0.0,0.4533333333333333,0.39794515245358275,0.509901524860708,0.4533333333333333,0.4533333333333333
V-optimality,3,High-T slope flattening,Mechanism change,any,153,300,300,0.0,0.51,0.45366418945602693,0.5660829511194823,0.51,0.51
V-optimality,4,High-T slope steepening,Mechanism change,acceleration_LOF,120,300,300,0.0,0.4,0.3461651905860969,0.4563634036588123,0.4,0.4
V-optimality,4,High-T slope steepening,Mechanism change,q_heterogeneity,15,300,300,0.0,0.05,0.03053164062934728,0.08084703347274415,0.05,0.05
V-optimality,4,High-T slope steepening,Mechanism change,high_T_dispersion,152,300,300,0.0,0.5066666666666667,0.45036683073695566,0.5627979296467172,0.5066666666666667,0.5066666666666667
V-optimality,4,High-T slope steepening,Mechanism change,any,216,300,300,0.0,0.72,0.666656114789153,0.7677809778720466,0.72,0.72
V-optimality,5,Stress-dependent q (-20%),Time scale,acceleration_LOF,69,300,300,0.0,0.23,0.18597181807303015,0.28085538638822466,0.23,0.23
V-optimality,5,Stress-dependent q (-20%),Time scale,q_heterogeneity,101,300,300,0.0,0.33666666666666667,0.2855553679085868,0.39190800269143145,0.33666666666666667,0.33666666666666667
V-optimality,5,Stress-dependent q (-20%),Time scale,high_T_dispersion,300,300,300,0.0,1.0,0.9873570287754538,0.9999999999999998,1.0,1.0
V-optimality,5,Stress-dependent q (-20%),Time scale,any,300,300,300,0.0,1.0,0.9873570287754538,0.9999999999999998,1.0,1.0
V-optimality,6,Stress-dependent q (+20%),Time scale,acceleration_LOF,20,300,300,0.0,0.06666666666666667,0.043567515545158274,0.10072305951611496,0.06666666666666667,0.06666666666666667
V-optimality,6,Stress-dependent q (+20%),Time scale,q_heterogeneity,242,300,300,0.0,0.8066666666666666,0.7582162445043988,0.8473627331445462,0.8066666666666666,0.8066666666666666
V-optimality,6,Stress-dependent q (+20%),Time scale,high_T_dispersion,300,300,300,0.0,1.0,0.9873570287754538,0.9999999999999998,1.0,1.0
V-optimality,6,Stress-dependent q (+20%),Time scale,any,300,300,300,0.0,1.0,0.9873570287754538,0.9999999999999998,1.0,1.0
V-optimality,7,Concave acceleration,Acceleration curvature,acceleration_LOF,11,300,300,0.0,0.03666666666666667,0.02059530516285303,0.06445384817189295,0.03666666666666667,0.03666666666666667
V-optimality,7,Concave acceleration,Acceleration curvature,q_heterogeneity,9,300,300,0.0,0.03,0.01586185380943231,0.05602253914164096,0.03,0.03
V-optimality,7,Concave acceleration,Acceleration curvature,high_T_dispersion,3,300,300,0.0,0.01,0.003406618437715286,0.02898349336233983,0.01,0.01
V-optimality,7,Concave acceleration,Acceleration curvature,any,23,300,300,0.0,0.07666666666666666,0.051627611786607464,0.1124101038501748,0.07666666666666666,0.07666666666666666
V-optimality,8,Convex acceleration,Acceleration curvature,acceleration_LOF,55,300,300,0.0,0.18333333333333332,0.14364526409824455,0.23102861767730118,0.18333333333333332,0.18333333333333332
V-optimality,8,Convex acceleration,Acceleration curvature,q_heterogeneity,20,300,300,0.0,0.06666666666666667,0.043567515545158274,0.10072305951611496,0.06666666666666667,0.06666666666666667
V-optimality,8,Convex acceleration,Acceleration curvature,high_T_dispersion,33,300,300,0.0,0.11,0.07940528531126051,0.15045623224388538,0.11,0.11
V-optimality,8,Convex acceleration,Acceleration curvature,any,94,300,300,0.0,0.31333333333333335,0.2634843975598553,0.36790231169730847,0.31333333333333335,0.31333333333333335
Cost-matched V-optimality,0,True IG model,True model,acceleration_LOF,11,300,300,0.0,0.03666666666666667,0.02059530516285303,0.06445384817189295,0.03666666666666667,0.03666666666666667
Cost-matched V-optimality,0,True IG model,True model,q_heterogeneity,7,300,300,0.0,0.023333333333333334,0.011347660299125234,0.04737197226827532,0.023333333333333334,0.023333333333333334
Cost-matched V-optimality,0,True IG model,True model,high_T_dispersion,13,300,300,0.0,0.043333333333333335,0.025496448084407246,0.07271746563401146,0.043333333333333335,0.043333333333333335
Cost-matched V-optimality,0,True IG model,True model,any,31,300,300,0.0,0.10333333333333333,0.07375658473854114,0.142940172432932,0.10333333333333333,0.10333333333333333
Cost-matched V-optimality,1,Fitted Ea - 10%,Activation energy,acceleration_LOF,7,300,300,0.0,0.023333333333333334,0.011347660299125234,0.04737197226827532,0.023333333333333334,0.023333333333333334
Cost-matched V-optimality,1,Fitted Ea - 10%,Activation energy,q_heterogeneity,5,300,300,0.0,0.016666666666666666,0.00713947735063333,0.0384153948330945,0.016666666666666666,0.016666666666666666
Cost-matched V-optimality,1,Fitted Ea - 10%,Activation energy,high_T_dispersion,5,300,300,0.0,0.016666666666666666,0.00713947735063333,0.0384153948330945,0.016666666666666666,0.016666666666666666
Cost-matched V-optimality,1,Fitted Ea - 10%,Activation energy,any,15,300,300,0.0,0.05,0.03053164062934728,0.08084703347274415,0.05,0.05
Cost-matched V-optimality,2,Fitted Ea + 10%,Activation energy,acceleration_LOF,8,300,300,0.0,0.02666666666666667,0.01357306980864708,0.05172894295058982,0.02666666666666667,0.02666666666666667
Cost-matched V-optimality,2,Fitted Ea + 10%,Activation energy,q_heterogeneity,4,300,300,0.0,0.013333333333333334,0.005196961739358857,0.03377553025253262,0.013333333333333334,0.013333333333333334
Cost-matched V-optimality,2,Fitted Ea + 10%,Activation energy,high_T_dispersion,13,300,300,0.0,0.043333333333333335,0.025496448084407246,0.07271746563401146,0.043333333333333335,0.043333333333333335
Cost-matched V-optimality,2,Fitted Ea + 10%,Activation energy,any,24,300,300,0.0,0.08,0.054346855395144764,0.11627324043347391,0.08,0.08
Cost-matched V-optimality,3,High-T slope flattening,Mechanism change,acceleration_LOF,26,300,300,0.0,0.08666666666666667,0.05982889751804311,0.12395595869424827,0.08666666666666667,0.08666666666666667
Cost-matched V-optimality,3,High-T slope flattening,Mechanism change,q_heterogeneity,6,300,300,0.0,0.02,0.009197631557703617,0.042939620817860576,0.02,0.02
Cost-matched V-optimality,3,High-T slope flattening,Mechanism change,high_T_dispersion,113,300,300,0.0,0.37666666666666665,0.3237203650702255,0.4327315678318291,0.37666666666666665,0.37666666666666665
Cost-matched V-optimality,3,High-T slope flattening,Mechanism change,any,126,300,300,0.0,0.42,0.3655060253806384,0.4765168500152888,0.42,0.42
Cost-matched V-optimality,4,High-T slope steepening,Mechanism change,acceleration_LOF,132,300,300,0.0,0.44,0.38493919498482354,0.49657796156212186,0.44,0.44
Cost-matched V-optimality,4,High-T slope steepening,Mechanism change,q_heterogeneity,10,300,300,0.0,0.03333333333333333,0.01820494733885481,0.06026182580405482,0.03333333333333333,0.03333333333333333
Cost-matched V-optimality,4,High-T slope steepening,Mechanism change,high_T_dispersion,133,300,300,0.0,0.44333333333333336,0.38818691756565193,0.4999126191731299,0.44333333333333336,0.44333333333333336
Cost-matched V-optimality,4,High-T slope steepening,Mechanism change,any,207,300,300,0.0,0.69,0.6355391960366674,0.739656474898005,0.69,0.69
Cost-matched V-optimality,5,Stress-dependent q (-20%),Time scale,acceleration_LOF,37,300,300,0.0,0.12333333333333334,0.09081731429366795,0.1653737240288234,0.12333333333333334,0.12333333333333334
Cost-matched V-optimality,5,Stress-dependent q (-20%),Time scale,q_heterogeneity,69,300,300,0.0,0.23,0.18597181807303015,0.28085538638822466,0.23,0.23
Cost-matched V-optimality,5,Stress-dependent q (-20%),Time scale,high_T_dispersion,300,300,300,0.0,1.0,0.9873570287754538,0.9999999999999998,1.0,1.0
Cost-matched V-optimality,5,Stress-dependent q (-20%),Time scale,any,300,300,300,0.0,1.0,0.9873570287754538,0.9999999999999998,1.0,1.0
Cost-matched V-optimality,6,Stress-dependent q (+20%),Time scale,acceleration_LOF,15,300,300,0.0,0.05,0.03053164062934728,0.08084703347274415,0.05,0.05
Cost-matched V-optimality,6,Stress-dependent q (+20%),Time scale,q_heterogeneity,169,300,300,0.0,0.5633333333333334,0.5067592167427277,0.6183060069021631,0.5633333333333334,0.5633333333333334
Cost-matched V-optimality,6,Stress-dependent q (+20%),Time scale,high_T_dispersion,299,300,300,0.0,0.9966666666666667,0.9813633063054688,0.9994113422781488,0.9966666666666667,0.9966666666666667
Cost-matched V-optimality,6,Stress-dependent q (+20%),Time scale,any,299,300,300,0.0,0.9966666666666667,0.9813633063054688,0.9994113422781488,0.9966666666666667,0.9966666666666667
Cost-matched V-optimality,7,Concave acceleration,Acceleration curvature,acceleration_LOF,19,300,300,0.0,0.06333333333333334,0.040916882383915276,0.09679131248552161,0.06333333333333334,0.06333333333333334
Cost-matched V-optimality,7,Concave acceleration,Acceleration curvature,q_heterogeneity,2,300,300,0.0,0.006666666666666667,0.0018301483579117855,0.023977583250306973,0.006666666666666667,0.006666666666666667
Cost-matched V-optimality,7,Concave acceleration,Acceleration curvature,high_T_dispersion,3,300,300,0.0,0.01,0.003406618437715286,0.02898349336233983,0.01,0.01
Cost-matched V-optimality,7,Concave acceleration,Acceleration curvature,any,23,300,300,0.0,0.07666666666666666,0.051627611786607464,0.1124101038501748,0.07666666666666666,0.07666666666666666
Cost-matched V-optimality,8,Convex acceleration,Acceleration curvature,acceleration_LOF,51,300,300,0.0,0.17,0.13173009843992434,0.21661426256827604,0.17,0.17
Cost-matched V-optimality,8,Convex acceleration,Acceleration curvature,q_heterogeneity,17,300,300,0.0,0.056666666666666664,0.03567747646328951,0.08886595802247463,0.056666666666666664,0.056666666666666664
Cost-matched V-optimality,8,Convex acceleration,Acceleration curvature,high_T_dispersion,51,300,300,0.0,0.17,0.13173009843992434,0.21661426256827604,0.17,0.17
Cost-matched V-optimality,8,Convex acceleration,Acceleration curvature,any,108,300,300,0.0,0.36,0.30776933517318583,0.4157706967696869,0.36,0.36
Neutral reference,0,True IG model,True model,acceleration_LOF,5,300,300,0.0,0.016666666666666666,0.00713947735063333,0.0384153948330945,0.016666666666666666,0.016666666666666666
Neutral reference,0,True IG model,True model,q_heterogeneity,6,300,300,0.0,0.02,0.009197631557703617,0.042939620817860576,0.02,0.02
Neutral reference,0,True IG model,True model,high_T_dispersion,4,300,300,0.0,0.013333333333333334,0.005196961739358857,0.03377553025253262,0.013333333333333334,0.013333333333333334
Neutral reference,0,True IG model,True model,any,12,300,300,0.0,0.04,0.023027321487942308,0.06860421203864003,0.04,0.04
Neutral reference,1,Fitted Ea - 10%,Activation energy,acceleration_LOF,2,300,300,0.0,0.006666666666666667,0.0018301483579117855,0.023977583250306973,0.006666666666666667,0.006666666666666667
Neutral reference,1,Fitted Ea - 10%,Activation energy,q_heterogeneity,8,300,300,0.0,0.02666666666666667,0.01357306980864708,0.05172894295058982,0.02666666666666667,0.02666666666666667
Neutral reference,1,Fitted Ea - 10%,Activation energy,high_T_dispersion,0,300,300,0.0,0.0,8.673617379884035e-19,0.012642971224546034,0.0,0.0
Neutral reference,1,Fitted Ea - 10%,Activation energy,any,10,300,300,0.0,0.03333333333333333,0.01820494733885481,0.06026182580405482,0.03333333333333333,0.03333333333333333
Neutral reference,2,Fitted Ea + 10%,Activation energy,acceleration_LOF,24,300,300,0.0,0.08,0.054346855395144764,0.11627324043347391,0.08,0.08
Neutral reference,2,Fitted Ea + 10%,Activation energy,q_heterogeneity,5,300,300,0.0,0.016666666666666666,0.00713947735063333,0.0384153948330945,0.016666666666666666,0.016666666666666666
Neutral reference,2,Fitted Ea + 10%,Activation energy,high_T_dispersion,3,300,300,0.0,0.01,0.003406618437715286,0.02898349336233983,0.01,0.01
Neutral reference,2,Fitted Ea + 10%,Activation energy,any,30,300,300,0.0,0.1,0.07094791459501532,0.1391664623846215,0.1,0.1
Neutral reference,3,High-T slope flattening,Mechanism change,acceleration_LOF,160,300,300,0.0,0.5333333333333333,0.4768149075854061,0.5890088943329576,0.5333333333333333,0.5333333333333333
Neutral reference,3,High-T slope flattening,Mechanism change,q_heterogeneity,4,300,300,0.0,0.013333333333333334,0.005196961739358857,0.03377553025253262,0.013333333333333334,0.013333333333333334
Neutral reference,3,High-T slope flattening,Mechanism change,high_T_dispersion,68,300,300,0.0,0.22666666666666666,0.18291950380328575,0.2773253204661327,0.22666666666666666,0.22666666666666666
Neutral reference,3,High-T slope flattening,Mechanism change,any,191,300,300,0.0,0.6366666666666667,0.5808316248758691,0.6890459629894217,0.6366666666666667,0.6366666666666667
Neutral reference,4,High-T slope steepening,Mechanism change,acceleration_LOF,237,300,300,0.0,0.79,0.7403888774230657,0.8322781992666975,0.79,0.79
Neutral reference,4,High-T slope steepening,Mechanism change,q_heterogeneity,12,300,300,0.0,0.04,0.023027321487942308,0.06860421203864003,0.04,0.04
Neutral reference,4,High-T slope steepening,Mechanism change,high_T_dispersion,117,300,300,0.0,0.39,0.3365300216309911,0.446251432038409,0.39,0.39
Neutral reference,4,High-T slope steepening,Mechanism change,any,268,300,300,0.0,0.8933333333333333,0.8532967116826325,0.9234241509540578,0.8933333333333333,0.8933333333333333
Neutral reference,5,Stress-dependent q (-20%),Time scale,acceleration_LOF,54,300,300,0.0,0.18,0.1406583026966649,0.2274331988870445,0.18,0.18
Neutral reference,5,Stress-dependent q (-20%),Time scale,q_heterogeneity,39,300,300,0.0,0.13,0.09657536941275233,0.17278042929341172,0.13,0.13
Neutral reference,5,Stress-dependent q (-20%),Time scale,high_T_dispersion,294,300,300,0.0,0.98,0.9570603791821394,0.9908023684422963,0.98,0.98
Neutral reference,5,Stress-dependent q (-20%),Time scale,any,295,300,300,0.0,0.9833333333333333,0.9615846051669054,0.9928605226493666,0.9833333333333333,0.9833333333333333
Neutral reference,6,Stress-dependent q (+20%),Time scale,acceleration_LOF,61,300,300,0.0,0.20333333333333334,0.16167385164165787,0.25249431128490607,0.20333333333333334,0.20333333333333334
Neutral reference,6,Stress-dependent q (+20%),Time scale,q_heterogeneity,154,300,300,0.0,0.5133333333333333,0.4569640167618392,0.5693655040055061,0.5133333333333333,0.5133333333333333
Neutral reference,6,Stress-dependent q (+20%),Time scale,high_T_dispersion,292,300,300,0.0,0.9733333333333334,0.9482710570494102,0.9864269301913529,0.9733333333333334,0.9733333333333334
Neutral reference,6,Stress-dependent q (+20%),Time scale,any,293,300,300,0.0,0.9766666666666667,0.9526280277317246,0.9886523397008747,0.9766666666666667,0.9766666666666667
Neutral reference,7,Concave acceleration,Acceleration curvature,acceleration_LOF,125,300,300,0.0,0.4166666666666667,0.3622760916643604,0.4731644035397305,0.4166666666666667,0.4166666666666667
Neutral reference,7,Concave acceleration,Acceleration curvature,q_heterogeneity,5,300,300,0.0,0.016666666666666666,0.00713947735063333,0.0384153948330945,0.016666666666666666,0.016666666666666666
Neutral reference,7,Concave acceleration,Acceleration curvature,high_T_dispersion,0,300,300,0.0,0.0,8.673617379884035e-19,0.012642971224546034,0.0,0.0
Neutral reference,7,Concave acceleration,Acceleration curvature,any,128,300,300,0.0,0.4266666666666667,0.3719735758386311,0.4832140599409689,0.4266666666666667,0.4266666666666667
Neutral reference,8,Convex acceleration,Acceleration curvature,acceleration_LOF,94,300,300,0.0,0.31333333333333335,0.2634843975598553,0.36790231169730847,0.31333333333333335,0.31333333333333335
Neutral reference,8,Convex acceleration,Acceleration curvature,q_heterogeneity,15,300,300,0.0,0.05,0.03053164062934728,0.08084703347274415,0.05,0.05
Neutral reference,8,Convex acceleration,Acceleration curvature,high_T_dispersion,26,300,300,0.0,0.08666666666666667,0.05982889751804311,0.12395595869424827,0.08666666666666667,0.08666666666666667
Neutral reference,8,Convex acceleration,Acceleration curvature,any,119,300,300,0.0,0.39666666666666667,0.34295083194304077,0.452995382110032,0.39666666666666667,0.39666666666666667
