weights,lambda,alpha,design_id,audit_selection_score,audit_reps
original,0.0,0.5,T54_N60_m12_a21-36-3,0.019087232302677358,96
original,0.0,0.8,T54_N60_m12_a21-36-3,0.019087232302677358,96
original,0.0,0.95,T54_N60_m12_a21-36-3,0.019087232302677358,96
original,0.25,0.5,T54_N60_m12_a21-36-3,0.023009001909574316,96
original,0.25,0.8,T54_N60_m12_a21-36-3,0.030380491564991466,96
original,0.25,0.95,T54_N60_m12_a21-36-3,0.03052637969062632,96
original,1.0,0.5,T54_N60_m12_a21-36-3,0.03477431073026519,96
original,1.0,0.8,T54_N60_m12_a21-36-3,0.06426026935193378,96
original,1.0,0.95,T54_N60_m12_a21-36-3,0.0648438218544732,96
equal_departures,0.25,0.8,T54_N60_m12_a21-36-3,0.030336696769730283,96
nondiagnostic,0.25,0.8,T54_N60_m12_a21-36-3,0.03219588695335242,96
