scenario_index,Scenario,kind,declared_weight,parameterization,effects_at_stresses,mechanism_evidence,severity_evidence,weight_evidence,next_required_evidence
0,True IG model,true_model,0.2,"{""Category"": ""True model"", ""Scenario"": ""True IG model"", ""kind"": ""true_model"", ""process"": ""ig"", ""role"": ""primary"", ""weight"": 0.2}","[{""T_C"": 40.0, ""beta_ratio_to_reference"": 1.0, ""eta_ratio_to_reference"": 1.0, ""q_ratio_to_reference"": 1.0}, {""T_C"": 54.0, ""beta_ratio_to_reference"": 1.0, ""eta_ratio_to_reference"": 1.0, ""q_ratio_to_reference"": 1.0}, {""T_C"": 85.0, ""beta_ratio_to_reference"": 1.0, ""eta_ratio_to_reference"": 1.0, ""q_ratio_to_reference"": 1.0}, {""T_C"": 100.0, ""beta_ratio_to_reference"": 1.0, ""eta_ratio_to_reference"": 1.0, ""q_ratio_to_reference"": 1.0}]",Mechanism class motivated by accelerated-degradation literature,Declared connector-case sensitivity level; calibrate with product measurements when available,Prespecified planning weight; alternatives tested in R3,Connector mechanism measurements or elicitation for product-level calibration
1,Fitted Ea - 10%,ea_multiplier,0.075,"{""Category"": ""Activation energy"", ""Scenario"": ""Fitted Ea - 10%"", ""activation_energy_eV"": 0.2677869649955763, ""ea_multiplier"": 0.9, ""kind"": ""ea_multiplier"", ""process"": ""ig"", ""role"": ""primary"", ""weight"": 0.075}","[{""T_C"": 40.0, ""beta_ratio_to_reference"": 1.0, ""eta_ratio_to_reference"": 1.0, ""q_ratio_to_reference"": 1.0}, {""T_C"": 54.0, ""beta_ratio_to_reference"": 0.9539110351855605, ""eta_ratio_to_reference"": 1.0, ""q_ratio_to_reference"": 1.0}, {""T_C"": 85.0, ""beta_ratio_to_reference"": 0.8706300935594385, ""eta_ratio_to_reference"": 1.0, ""q_ratio_to_reference"": 1.0}, {""T_C"": 100.0, ""beta_ratio_to_reference"": 0.8375350914704947, ""eta_ratio_to_reference"": 1.0, ""q_ratio_to_reference"": 1.0}]",Mechanism class motivated by accelerated-degradation literature,Declared connector-case sensitivity level; calibrate with product measurements when available,Prespecified planning weight; alternatives tested in R3,Connector mechanism measurements or elicitation for product-level calibration
2,Fitted Ea + 10%,ea_multiplier,0.075,"{""Category"": ""Activation energy"", ""Scenario"": ""Fitted Ea + 10%"", ""activation_energy_eV"": 0.3272951794390377, ""ea_multiplier"": 1.1, ""kind"": ""ea_multiplier"", ""process"": ""ig"", ""role"": ""primary"", ""weight"": 0.075}","[{""T_C"": 40.0, ""beta_ratio_to_reference"": 1.0, ""eta_ratio_to_reference"": 1.0, ""q_ratio_to_reference"": 1.0}, {""T_C"": 54.0, ""beta_ratio_to_reference"": 1.0483157895384596, ""eta_ratio_to_reference"": 1.0, ""q_ratio_to_reference"": 1.0}, {""T_C"": 85.0, ""beta_ratio_to_reference"": 1.1485934237715731, ""eta_ratio_to_reference"": 1.0, ""q_ratio_to_reference"": 1.0}, {""T_C"": 100.0, ""beta_ratio_to_reference"": 1.193979822677351, ""eta_ratio_to_reference"": 1.0, ""q_ratio_to_reference"": 1.0}]",Mechanism class motivated by accelerated-degradation literature,Declared connector-case sensitivity level; calibrate with product measurements when available,Prespecified planning weight; alternatives tested in R3,Connector mechanism measurements or elicitation for product-level calibration
3,High-T slope flattening,piecewise,0.125,"{""Category"": ""Mechanism change"", ""Scenario"": ""High-T slope flattening"", ""high_eta_multiplier"": 0.7, ""high_slope_multiplier"": 0.5, ""kind"": ""piecewise"", ""process"": ""ig"", ""role"": ""primary"", ""switch_T"": 85.0, ""weight"": 0.125}","[{""T_C"": 40.0, ""beta_ratio_to_reference"": 1.0, ""eta_ratio_to_reference"": 1.0, ""q_ratio_to_reference"": 1.0}, {""T_C"": 54.0, ""beta_ratio_to_reference"": 1.0, ""eta_ratio_to_reference"": 1.0, ""q_ratio_to_reference"": 1.0}, {""T_C"": 85.0, ""beta_ratio_to_reference"": 1.0, ""eta_ratio_to_reference"": 1.0, ""q_ratio_to_reference"": 1.0}, {""T_C"": 100.0, ""beta_ratio_to_reference"": 0.8238472359894847, ""eta_ratio_to_reference"": 0.7, ""q_ratio_to_reference"": 1.0}]",Mechanism class motivated by accelerated-degradation literature,Declared connector-case sensitivity level; calibrate with product measurements when available,Prespecified planning weight; alternatives tested in R3,Connector mechanism measurements or elicitation for product-level calibration
4,High-T slope steepening,piecewise,0.125,"{""Category"": ""Mechanism change"", ""Scenario"": ""High-T slope steepening"", ""high_eta_multiplier"": 0.7, ""high_slope_multiplier"": 1.75, ""kind"": ""piecewise"", ""process"": ""ig"", ""role"": ""primary"", ""switch_T"": 85.0, ""weight"": 0.125}","[{""T_C"": 40.0, ""beta_ratio_to_reference"": 1.0, ""eta_ratio_to_reference"": 1.0, ""q_ratio_to_reference"": 1.0}, {""T_C"": 54.0, ""beta_ratio_to_reference"": 1.0, ""eta_ratio_to_reference"": 1.0, ""q_ratio_to_reference"": 1.0}, {""T_C"": 85.0, ""beta_ratio_to_reference"": 1.0, ""eta_ratio_to_reference"": 1.0, ""q_ratio_to_reference"": 1.0}, {""T_C"": 100.0, ""beta_ratio_to_reference"": 1.3373034546763207, ""eta_ratio_to_reference"": 0.7, ""q_ratio_to_reference"": 1.0}]",Mechanism class motivated by accelerated-degradation literature,Declared connector-case sensitivity level; calibrate with product measurements when available,Prespecified planning weight; alternatives tested in R3,Connector mechanism measurements or elicitation for product-level calibration
5,Stress-dependent q (-20%),q_shift,0.1,"{""Category"": ""Time scale"", ""Scenario"": ""Stress-dependent q (-20%)"", ""kind"": ""q_shift"", ""process"": ""ig"", ""q_shift"": -0.2, ""role"": ""primary"", ""weight"": 0.1}","[{""T_C"": 40.0, ""beta_ratio_to_reference"": 1.0, ""eta_ratio_to_reference"": 1.0, ""q_ratio_to_reference"": 1.0}, {""T_C"": 54.0, ""beta_ratio_to_reference"": 1.0, ""eta_ratio_to_reference"": 1.0, ""q_ratio_to_reference"": 0.94677161342911}, {""T_C"": 85.0, ""beta_ratio_to_reference"": 1.0, ""eta_ratio_to_reference"": 1.0, ""q_ratio_to_reference"": 0.8437177160407652}, {""T_C"": 100.0, ""beta_ratio_to_reference"": 1.0, ""eta_ratio_to_reference"": 1.0, ""q_ratio_to_reference"": 0.8}]",Mechanism class motivated by accelerated-degradation literature,Declared connector-case sensitivity level; calibrate with product measurements when available,Prespecified planning weight; alternatives tested in R3,Connector mechanism measurements or elicitation for product-level calibration
6,Stress-dependent q (+20%),q_shift,0.1,"{""Category"": ""Time scale"", ""Scenario"": ""Stress-dependent q (+20%)"", ""kind"": ""q_shift"", ""process"": ""ig"", ""q_shift"": 0.2, ""role"": ""primary"", ""weight"": 0.1}","[{""T_C"": 40.0, ""beta_ratio_to_reference"": 1.0, ""eta_ratio_to_reference"": 1.0, ""q_ratio_to_reference"": 1.0}, {""T_C"": 54.0, ""beta_ratio_to_reference"": 1.0, ""eta_ratio_to_reference"": 1.0, ""q_ratio_to_reference"": 1.05322838657089}, {""T_C"": 85.0, ""beta_ratio_to_reference"": 1.0, ""eta_ratio_to_reference"": 1.0, ""q_ratio_to_reference"": 1.1562822839592348}, {""T_C"": 100.0, ""beta_ratio_to_reference"": 1.0, ""eta_ratio_to_reference"": 1.0, ""q_ratio_to_reference"": 1.2}]",Mechanism class motivated by accelerated-degradation literature,Declared connector-case sensitivity level; calibrate with product measurements when available,Prespecified planning weight; alternatives tested in R3,Connector mechanism measurements or elicitation for product-level calibration
7,Concave acceleration,quadratic,0.1,"{""Category"": ""Acceleration curvature"", ""Scenario"": ""Concave acceleration"", ""c_quad"": -0.6, ""kind"": ""quadratic"", ""process"": ""ig"", ""role"": ""primary"", ""weight"": 0.1}","[{""T_C"": 40.0, ""beta_ratio_to_reference"": 1.0, ""eta_ratio_to_reference"": 1.0, ""q_ratio_to_reference"": 1.0}, {""T_C"": 54.0, ""beta_ratio_to_reference"": 0.9583915034065328, ""eta_ratio_to_reference"": 1.0, ""q_ratio_to_reference"": 1.0}, {""T_C"": 85.0, ""beta_ratio_to_reference"": 0.693251601612837, ""eta_ratio_to_reference"": 1.0, ""q_ratio_to_reference"": 1.0}, {""T_C"": 100.0, ""beta_ratio_to_reference"": 0.5488116360940265, ""eta_ratio_to_reference"": 1.0, ""q_ratio_to_reference"": 1.0}]",Mechanism class motivated by accelerated-degradation literature,Declared connector-case sensitivity level; calibrate with product measurements when available,Prespecified planning weight; alternatives tested in R3,Connector mechanism measurements or elicitation for product-level calibration
8,Convex acceleration,quadratic,0.1,"{""Category"": ""Acceleration curvature"", ""Scenario"": ""Convex acceleration"", ""c_quad"": 0.6, ""kind"": ""quadratic"", ""process"": ""ig"", ""role"": ""primary"", ""weight"": 0.1}","[{""T_C"": 40.0, ""beta_ratio_to_reference"": 1.0, ""eta_ratio_to_reference"": 1.0, ""q_ratio_to_reference"": 1.0}, {""T_C"": 54.0, ""beta_ratio_to_reference"": 1.0434149264111514, ""eta_ratio_to_reference"": 1.0, ""q_ratio_to_reference"": 1.0}, {""T_C"": 85.0, ""beta_ratio_to_reference"": 1.442477734885168, ""eta_ratio_to_reference"": 1.0, ""q_ratio_to_reference"": 1.0}, {""T_C"": 100.0, ""beta_ratio_to_reference"": 1.8221188003905089, ""eta_ratio_to_reference"": 1.0, ""q_ratio_to_reference"": 1.0}]",Mechanism class motivated by accelerated-degradation literature,Declared connector-case sensitivity level; calibrate with product measurements when available,Prespecified planning weight; alternatives tested in R3,Connector mechanism measurements or elicitation for product-level calibration
