scenario_index,Scenario,Category,role,weight,beta_at_T0,eta_at_T0,q_at_T0,truth_life_q10,truth_life_q50,truth_life_q90,truth_mission_R
0,True IG model,Reference model,primary,0.2,0.14694853809593317,0.6431425347074142,0.4497340468807195,11.73060886913166,11.827944369827431,11.92119965060672,0.7119587017129385
1,Fitted Ea - 10%,Activation energy,primary,0.075,0.14694853809593317,0.6431425347074142,0.4497340468807195,11.73060886913166,11.827944369827431,11.92119965060672,0.7119587017129385
2,Fitted Ea + 10%,Activation energy,primary,0.075,0.14694853809593317,0.6431425347074142,0.4497340468807195,11.73060886913166,11.827944369827431,11.92119965060672,0.7119587017129385
3,High-T slope flattening,High-temperature acceleration behavior,primary,0.125,0.14694853809593317,0.6431425347074142,0.4497340468807195,11.73060886913166,11.827944369827431,11.92119965060672,0.7119587017129385
4,High-T slope steepening,High-temperature acceleration behavior,primary,0.125,0.14694853809593317,0.6431425347074142,0.4497340468807195,11.73060886913166,11.827944369827431,11.92119965060672,0.7119587017129385
5,Stress-dependent q (-20%),Stress-dependent time scale,primary,0.1,0.14694853809593317,0.6431425347074142,0.4497340468807195,11.73060886913166,11.827944369827431,11.92119965060672,0.7119587017129385
6,Stress-dependent q (+20%),Stress-dependent time scale,primary,0.1,0.14694853809593317,0.6431425347074142,0.4497340468807195,11.73060886913166,11.827944369827431,11.92119965060672,0.7119587017129385
7,Concave acceleration,Acceleration curvature,primary,0.1,0.14694853809593317,0.6431425347074142,0.4497340468807195,11.73060886913166,11.827944369827431,11.92119965060672,0.7119587017129385
8,Convex acceleration,Acceleration curvature,primary,0.1,0.14694853809593317,0.6431425347074142,0.4497340468807195,11.73060886913166,11.827944369827431,11.92119965060672,0.7119587017129385
9,Gamma increments / IG fit,Process-family stress test,external_stress_test,0.0,0.14694853809593317,0.6431425347074142,0.4497340468807195,11.730850411824903,11.827530560653171,11.921487634450095,0.7105699460689445
